{
  "Header": {
    "title": "ITZA",
    "paragraph": "Ingenieria & SIGs"
  },
  "About": {
    "paragraph": "ITZA es una consultora que se especializa en brindar soluciones eficientes e inteligentes de relevamiento y procesamiento de información geográfica, proporcionando facilidades en la toma de decisiones y el aprovechamiento de los recursos hídricos y territoriales de entes estatales y privados. Para ello brinda los siguientes servicios:",
    "Why": [
      "Tecnología de vanguiardia",
      "Altos niveles de eficacia",
      "Trabajos de alta calidad",
      "Multidisciplenareidad"
    ],
    "Why2": [
      "Aliquip ex ea commodo",
      "Lorem ipsum dolor",
      "Exercitation ullamco",
      "Lorem ipsum dolor"
    ]
  },
  "Services": [
    {
      "icon": "fa fa-paper-plane",
      "name": "Vuelos de Drone",
      "text": "Lorem ipsum dolor sit amet, consectetur adipiscing elit. Duis sed dapibus leo nec ornare diam sedasd commodo nibh ante facilisis bibendum dolor feugiat at."
    },
    {
      "icon": "fa fa-tint",
      "name": "Estudios Hidrológicos",
      "text": "Lorem ipsum dolor sit amet, consectetur adipiscing elit. Duis sed dapibus leo nec ornare diam sedasd commodo nibh ante facilisis bibendum dolor feugiat at."
    },
    {
      "icon": "fa fa-globe",
      "name": "Servicios Topográficos",
      "text": "Lorem ipsum dolor sit amet, consectetur adipiscing elit. Duis sed dapibus leo nec ornare diam sedasd commodo nibh ante facilisis bibendum dolor feugiat at."
    },
    {
      "icon": "fa fa-home",
      "name": "Herramientas para la gestion catastral",
      "text": "Lorem ipsum dolor sit amet, consectetur adipiscing elit. Duis sed dapibus leo nec ornare diam sedasd commodo nibh ante facilisis bibendum dolor feugiat at."
    },
    {
      "icon": "fa fa-map-marker",
      "name": "Consultoria en SIGs",
      "text": "Lorem ipsum dolor sit amet, consectetur adipiscing elit. Duis sed dapibus leo nec ornare diam sedasd commodo nibh ante facilisis bibendum dolor feugiat at."
    },
    {
      "icon": "fa fa-folder-open",
      "name": "Solicitudes de financiamiento de obras",
      "text": "Lorem ipsum dolor sit amet, consectetur adipiscing elit. Duis sed dapibus leo nec ornare diam sedasd commodo nibh ante facilisis bibendum dolor feugiat at."
    },
    {
      "icon": "fa fa-building-o",
      "name": "Seguimineto de Obras y patrimonio historico",
      "text": "Lorem ipsum dolor sit amet, consectetur adipiscing elit. Duis sed dapibus leo nec ornare diam sedasd commodo nibh ante facilisis bibendum dolor feugiat at."
    },
    {
      "icon": "fa fa-info-circle",
      "name": "Asesoramiento hídrico y sanitario",
      "text": "Lorem ipsum dolor sit amet, consectetur adipiscing elit. Duis sed dapibus leo nec ornare diam sedasd commodo nibh ante facilisis bibendum dolor feugiat at."
    }
  ],
  "Testimonials": [
    {
      "img": "img/testimonials/01.jpg",
      "text": "\"Lorem ipsum dolor sit amet, consectetur adipiscing elit. Duis sed dapibus leo nec ornare diam sedasd commodo nibh ante facilisis bibendum dolor feugiat at.\"",
      "name": "John Doe"
    },
    {
      "img": "img/testimonials/02.jpg",
      "text": "\"Lorem ipsum dolor sit amet, consectetur adipiscing elit. Duis sed dapibus leo nec ornare diam sedasd commodo nibh ante facilisis bibendum dolor feugiat at.\"",
      "name": "Johnathan Doe"
    },
    {
      "img": "img/testimonials/03.jpg",
      "text": "\"Lorem ipsum dolor sit amet, consectetur adipiscing elit. Duis sed dapibus leo nec ornare diam sedasd commodo nibh ante facilisis bibendum dolor feugiat at.\"",
      "name": "John Doe"
    },
    {
      "img": "img/testimonials/04.jpg",
      "text": "\"Lorem ipsum dolor sit amet, consectetur adipiscing elit. Duis sed dapibus leo nec ornare diam sedasd commodo nibh ante facilisis bibendum dolor feugiat at.\"",
      "name": "Johnathan Doe"
    },
    {
      "img": "img/testimonials/05.jpg",
      "text": "\"Lorem ipsum dolor sit amet, consectetur adipiscing elit. Duis sed dapibus leo nec ornare diam sedasd commodo nibh ante facilisis bibendum dolor feugiat at.\"",
      "name": "John Doe"
    },
    {
      "img": "img/testimonials/06.jpg",
      "text": "\"Lorem ipsum dolor sit amet, consectetur adipiscing elit. Duis sed dapibus leo nec ornare diam sedasd commodo nibh ante facilisis bibendum dolor feugiat at.\"",
      "name": "Johnathan Doe"
    }
  ],
  "Team": [
    {
      "img": "img/team/01.jpg",
      "name": "John Doe",
      "job": "Director"
    },
    {
      "img": "img/team/02.jpg",
      "name": "Mike Doe",
      "job": "Senior Designer"
    },
    {
      "img": "img/team/03.jpg",
      "name": "Jane Doe",
      "job": "Senior Designer"
    },
    {
      "img": "img/team/04.jpg",
      "name": "Karen Doe",
      "job": "Project Manager"
    }
  ],
  "Contact": {
    "address": "4321 California St, San Francisco, CA 12345 ",
    "phone": "+1 123 456 1234",
    "email": "info@company.com",
    "facebook": "fb.com",
    "twitter": "twitter.com",
    "youtube": "youtube.com"
  },
  "Features": [
    {
      "icon": "fa fa-globe",
      "title": "Topografía",
      "text": "Servicio Topograficos Brindamos un servicio especializado en el relevamiento, procesamiento y replanteos topográficos para proyectos grandes y chicos de obras civiles, viales, sanitarias e hidricas; fortaleciendo todo esto con tecnologías de última generación, drones, sistema GNSS y GPS, estaciones totales y niveles; que nos permiten alcanzar altos niveles de eficaciacia y productos"
    },
    {
      "icon": "fa fa-tint",
      "title": "Recursos Hídricos",
      "text": "Abordamos de manera integral las problemáticas hídricas, en cuanto al análisis, previsión y posibles acciones sobre cursos de agua y sus margenes. En cuanto a las soluciones sanitarias; llevamos adelante el análisis, previsión y posibles acciones sobre la red de agua y el sistema cloacal de comunas, municipios, cooperativas, privados y cualquier entidad que lo requiera; específicamente en lo referido a la provisión de agua, cloacas, desagües pluviales, viabilidad sist agua potable, estimación de demanda domiciliaria"
    },
    {
      "icon": "fa fa-map-marker",
      "title": "SIG",
      "text": "Ofracemos la generacion y fortalecimiento de sistemas de informacion geografia. Son herramientas de gran potencial que permiten sistematizar la informacion que dispone el municipio, desde el acceso a los servicios publicos de una parcela, pasando por la tasa que tributa, hasta la nomenclatura catastral  municipal o provincial que tiene; permitiendo ver todo esto de forma grafica y accesible para extraer informacion valiosa para la toma de decisiones. Estas herramientas son conocidas por su gran potencial en las areas catastrrales del municipio y por eso muchos lo vienen aplicando alli, lo que robustece la toma de decisiones respecto al sistema tributario municipal."
    },
    {
      "icon": "fa fa-file-text-o",
      "title": "Documentaciones",
      "text": "Nos dedicamos específicamente a elaborar las carpetas técnicas necesarias para que el municipio se pueda presentar a programas y líneas de financiamiento de obras. Nos dedicamos a hacerlo de forma integral, desde el relevamiento, pasando por el análisis técnico y la elaboración de planos e informes necesarios"
    }
  ]
}
